Time,Temperature
0.26584,27.7926
8.60183,41.4039
14.177,586.822
18.0548,440.727
19.6518,617.909
21.2225,659.557
23.0291,576.088
26.6871,638.515
29.2899,631.474
39.6543,363.521
49.6402,825.38
51.179,703.694
57.6453,477.579
65.4455,414.754
78.197,369.132
80.2451,188.349
81.7838,66.6625
99.2262,38.2545
