Time,Temperature
0.265826,3.49476
8.10907,-5.27931
15.9331,195.483
18.0145,184.386
21.2538,268.929
25.9482,253.723
32.8227,312.632
45.2494,192.788
53.479,517.763
60.6193,580.167
61.3839,562.247
65.4453,678.577
67.265,667.535
68.3447,695.717
72.8953,556.242
78.5462,462.702
82.1266,163.621
82.8049,71.1406
85.618,13.7188
99.2272,10.8189
